Low Variance Filter,Lasso Regularization,VIF Filter,Feature Selection,Feature Selection Type,Selected Features,Cross-Validation,Hyperparameter Tuning,Tuning Type,Tuning Results,Model Parameters,Random Forest Results,Selected Features Shape,CV Runtime
0,0,0,0,0,"['age', 'time_in_hospital', 'n_lab_procedures', 'n_procedures', 'n_medications', 'n_outpatient', 'n_inpatient', 'n_emergency', 'medical_specialty', 'diag_1', 'diag_2', 'diag_3', 'glucose_test', 'A1Ctest', 'change', 'diabetes_med']",1,0,grid,NONE,"RandomForestClassifier(n_estimators=200, max_depth=None, min_samples_split=3, criterion='gini', random_state=rand_st)","Random Forest Acc: 0.60 (+/- 0.01), Random Forest AUC: 0.64 (+/- 0.01)","(25000, 16)",31.03
0,0,0,0,0,"['age', 'time_in_hospital', 'n_lab_procedures', 'n_procedures', 'n_medications', 'n_outpatient', 'n_inpatient', 'n_emergency', 'medical_specialty', 'diag_1', 'diag_2', 'diag_3', 'glucose_test', 'A1Ctest', 'change', 'diabetes_med']",1,1,grid,"--Hyperparameter Tuning ON--
Fitting 5 folds for each of 54 candidates, totalling 270 fits
Best Parameters (Grid Search): {'criterion': 'entropy', 'max_depth': 10, 'min_samples_split': 10, 'n_estimators': 500}
Hyperparameter Tuning Runtime: 492.17
--Hyperparameter Tuning Completed--","RandomForestClassifier(n_estimators=500, max_depth=10, min_samples_split=10, criterion='gini', random_state=rand_st)","Random Forest Acc: 0.62 (+/- 0.02), Random Forest AUC: 0.66 (+/- 0.02)","(25000, 16)",3704.51
0,0,0,0,0,"['age', 'time_in_hospital', 'n_lab_procedures', 'n_procedures', 'n_medications', 'n_outpatient', 'n_inpatient', 'n_emergency', 'medical_specialty', 'diag_1', 'diag_2', 'diag_3', 'glucose_test', 'A1Ctest', 'change', 'diabetes_med']",1,1,random,"--Hyperparameter Tuning ON--
Fitting 5 folds for each of 20 candidates, totalling 100 fits
Best Parameters (Random Search): {'n_estimators': 500, 'min_samples_split': 5, 'max_depth': 10, 'criterion': 'gini'}
Hyperparameter Tuning Runtime: 236.71
--Hyperparameter Tuning Completed--","RandomForestClassifier(n_estimators=500, max_depth=10, min_samples_split=10, criterion='gini', random_state=rand_st)","Random Forest Acc: 0.62 (+/- 0.02), Random Forest AUC: 0.66 (+/- 0.02)","(25000, 16)",3704.51
1,0,0,0,0,"['age', 'time_in_hospital', 'n_lab_procedures', 'n_procedures', 'n_medications', 'n_outpatient', 'n_inpatient', 'n_emergency', 'medical_specialty', 'diag_1', 'diag_2', 'diag_3']",1,1,random,0,"RandomForestClassifier(n_estimators=200, max_depth=10, min_samples_split=5, criterion='gini', random_state=rand_st)","Random Forest Acc: 0.61 (+/- 0.01), Random Forest AUC: 0.65 (+/- 0.02)","(25000, 12)",16.17
0,1,0,0,0,"['age', 'time_in_hospital', 'n_lab_procedures', 'n_procedures', 'n_medications', 'n_outpatient', 'n_inpatient', 'n_emergency', 'medical_specialty', 'diag_1', 'diag_2', 'diabetes_med']",1,1,random,"--LOW VARIANCE FILTER OFF--
--LASSO REGULARIZATION ON--
Selected Features after Lasso Regularization: ['age', 'time_in_hospital', 'n_lab_procedures', 'n_procedures', 'n_medications', 'n_outpatient', 'n_inpatient', 'n_emergency', 'medical_specialty', 'diag_1', 'diag_2', 'diabetes_med']
Removed Features: ['diag_3', 'glucose_test', 'A1Ctest', 'change']
Features (total, selected): 16 12","RandomForestClassifier(n_estimators=500, min_samples_split=8, min_samples_leaf=1, max_features='sqrt', max_depth=8, criterion='gini', random_state=rand_st)","Random Forest Acc: 0.62 (+/- 0.01), Random Forest AUC: 0.66 (+/- 0.02)","(25000, 12)",35.33